,data,size,fold,cores,duration,cpu,noncpu,avemem,maxmem
0,drosophila,178770542,1,1,12209,12494.0,11924.0,3178.51 MB,6415 MB
6,drosophila,178770542,2,1,11756,12030.0,11482.0,3071.76 MB,6505 MB
12,drosophila,178770542,3,1,11725,11966.0,11484.0,3053.51 MB,6424 MB
18,drosophila,178770542,4,1,11761,12015.0,11507.0,3020.08 MB,6584 MB
24,drosophila,178770542,5,1,9890,9939.0,9841.0,3130.04 MB,6397 MB
30,drosophila,178770542,6,1,8840,10144.0,7536.0,3093.28 MB,6557 MB
36,drosophila,178770542,7,1,8508,9768.0,7248.0,3062.24 MB,6556 MB
42,drosophila,178770542,8,1,8507,9797.0,7217.0,3073.81 MB,6581 MB
48,drosophila,178770542,9,1,9609,9658.0,9560.0,3244.89 MB,6412 MB
54,drosophila,178770542,10,1,9477,9512.0,9442.0,3273.75 MB,6562 MB
1,drosophila,178770542,1,2,6044,11763.0,6369.0,5931.40 MB,12842 MB
7,drosophila,178770542,2,2,6087,11826.0,6435.0,5813.81 MB,12699 MB
13,drosophila,178770542,3,2,5306,10214.0,5704.0,6358.84 MB,12835 MB
19,drosophila,178770542,4,2,5065,9768.0,5427.0,6027.00 MB,12862 MB
25,drosophila,178770542,5,2,4928,9474.0,5310.0,6120.95 MB,12713 MB
31,drosophila,178770542,6,2,5112,9812.0,5524.0,5760.51 MB,12835 MB
37,drosophila,178770542,7,2,5091,9816.0,5457.0,5977.62 MB,12801 MB
43,drosophila,178770542,8,2,5198,10021.0,5573.0,5945.91 MB,12793 MB
49,drosophila,178770542,9,2,4993,9607.0,5372.0,5987.50 MB,12657 MB
55,drosophila,178770542,10,2,16577,33104.0,16627.0,6975.85 MB,13766 MB
2,drosophila,178770542,1,4,3278,11722.0,4668.0,10822.62 MB,25258 MB
8,drosophila,178770542,2,4,3398,12273.0,4717.0,10963.46 MB,25214 MB
14,drosophila,178770542,3,4,3274,11801.0,4569.0,10601.63 MB,25296 MB
20,drosophila,178770542,4,4,2720,9749.0,3851.0,10845.27 MB,25311 MB
26,drosophila,178770542,5,4,2709,9731.0,3814.0,10935.29 MB,25212 MB
32,drosophila,178770542,6,4,2679,9570.0,3825.0,10579.61 MB,25199 MB
38,drosophila,178770542,7,4,4071,11961.0,8394.0,9795.19 MB,24508 MB
44,drosophila,178770542,8,4,3174,10180.0,5690.0,11180.22 MB,24246 MB
50,drosophila,178770542,9,4,6716,23231.0,10349.0,12819.52 MB,24092 MB
56,drosophila,178770542,10,4,6920,25114.0,9486.0,12340.46 MB,25843 MB
3,drosophila,178770542,1,8,1893,11939.0,5098.0,19550.48 MB,48872 MB
9,drosophila,178770542,2,8,2270,11975.0,8455.0,15845.66 MB,49042 MB
15,drosophila,178770542,3,8,2568,11897.0,11215.0,19850.80 MB,45049 MB
21,drosophila,178770542,4,8,1504,9501.0,4035.0,18439.87 MB,49673 MB
27,drosophila,178770542,5,8,2668,11688.0,12324.0,16814.14 MB,46767 MB
33,drosophila,178770542,6,8,1673,9853.0,5204.0,18604.13 MB,49542 MB
39,drosophila,178770542,7,8,1526,9631.51,4102.49,19996.18 MB,49720 MB
45,drosophila,178770542,8,8,1617,10211.0,4342.0,19449.13 MB,47794 MB
51,drosophila,178770542,9,8,4525,29999.0,10726.0,22360.86 MB,50485 MB
57,drosophila,178770542,10,8,1561,9879.0,4170.0,19425.01 MB,49811 MB
4,drosophila,178770542,1,16,1160,11910.07,7809.93,29751.01 MB,96942 MB
10,drosophila,178770542,2,16,1166,11814.0,8008.0,31480.71 MB,96769 MB
16,drosophila,178770542,3,16,1150,11933.01,7616.99,28592.87 MB,95409 MB
22,drosophila,178770542,4,16,1300,12460.0,9640.0,35324.95 MB,86641 MB
28,drosophila,178770542,5,16,1156,11939.0,7713.0,30911.11 MB,89323 MB
34,drosophila,178770542,6,16,953,9807.59,6393.41,30958.72 MB,98278 MB
40,drosophila,178770542,7,16,974,9792.0,6766.0,33363.23 MB,99333 MB
46,drosophila,178770542,8,16,938,9638.09,6307.91,29114.70 MB,99217 MB
52,drosophila,178770542,9,16,999,9766.0,7217.0,28859.58 MB,99128 MB
58,drosophila,178770542,10,16,979,9635.0,7008.0,29207.17 MB,98783 MB
0,drosophila,178770542,1,24,730,12626.91,5623.09,51012.27 MB,119067 MB
1,drosophila,178770542,2,24,1634,27759.0,13091.0,57317.36 MB,135300 MB
2,drosophila,178770542,3,24,590,9830.0,4920.0,43573.12 MB,113240 MB
3,drosophila,178770542,4,24,604,9790.0,5310.0,44267.29 MB,116924 MB
4,drosophila,178770542,5,24,1766,30409.0,13741.0,63153.15 MB,126435 MB
5,drosophila,178770542,6,24,744,12551.0,6049.0,54686.46 MB,122874 MB
6,drosophila,178770542,7,24,548,9517.48,4182.52,56805.52 MB,117454 MB
7,drosophila,178770542,8,24,577,9767.19,4657.81,53204.27 MB,110836 MB
8,drosophila,178770542,9,24,542,9513.37,4036.6299999999987,61669.21 MB,123440 MB
9,drosophila,178770542,10,24,537,9511.0,3914.0,54822.61 MB,115778 MB
0,elegans,111913131,1,1,4416,5498.0,3334.0,1735.48 MB,4475 MB
6,elegans,111913131,2,1,15745,16385.0,15105.0,2031.49 MB,5197 MB
12,elegans,111913131,3,1,14194,14810.0,13578.0,2079.02 MB,5240 MB
18,elegans,111913131,4,1,5356,5351.0,5361.0,1810.43 MB,4578 MB
24,elegans,111913131,5,1,6482,6600.0,6364.0,2034.65 MB,4454 MB
30,elegans,111913131,6,1,15091,18063.0,12119.0,1898.50 MB,5073 MB
36,elegans,111913131,7,1,13735,14268.0,13202.0,2174.29 MB,5327 MB
42,elegans,111913131,8,1,11646,12111.0,11181.0,2078.30 MB,5416 MB
48,elegans,111913131,9,1,10992,13982.0,8002.0,2015.86 MB,5152 MB
54,elegans,111913131,10,1,14000,14569.0,13431.0,2057.94 MB,5151 MB
1,elegans,111913131,1,2,6890,13554.0,7116.0,3961.05 MB,10177 MB
7,elegans,111913131,2,2,6477,12746.0,6685.0,4027.23 MB,10092 MB
13,elegans,111913131,3,2,7058,13912.0,7262.0,4057.39 MB,10234 MB
19,elegans,111913131,4,2,2952,5665.0,3191.0,3215.83 MB,8626 MB
25,elegans,111913131,5,2,2868,5436.0,3168.0,3498.94 MB,8461 MB
31,elegans,111913131,6,2,7134,13855.0,7547.0,3612.41 MB,10200 MB
37,elegans,111913131,7,2,5373,11223.0,4896.0,3515.29 MB,7935 MB
43,elegans,111913131,8,2,2809,5369.0,3058.0,3936.29 MB,9093 MB
49,elegans,111913131,9,2,6598,14378.0,5416.0,3995.81 MB,9818 MB
55,elegans,111913131,10,2,7807,15255.0,8166.0,3842.77 MB,8817 MB
2,elegans,111913131,1,4,3912,14160.0,5400.0,7585.92 MB,20323 MB
8,elegans,111913131,2,4,1450,5431.0,1819.0,5545.92 MB,12794 MB
14,elegans,111913131,3,4,3541,13547.0,4158.0,7121.76 MB,15167 MB
20,elegans,111913131,4,4,1455,5398.0,1877.0,6068.27 MB,13358 MB
26,elegans,111913131,5,4,3481,12605.0,4800.0,6951.23 MB,13429 MB
32,elegans,111913131,6,4,1558,5488.0,2302.0,5914.40 MB,16422 MB
38,elegans,111913131,7,4,3988,14487.0,5453.0,7097.04 MB,20376 MB
44,elegans,111913131,8,4,1446,5411.0,1819.0,6196.93 MB,13325 MB
50,elegans,111913131,9,4,3551,12626.0,5129.0,7030.04 MB,20206 MB
56,elegans,111913131,10,4,1476,5518.0,1862.0,5964.65 MB,13638 MB
3,elegans,111913131,1,8,1583,6605.0,7642.0,9439.12 MB,26267 MB
9,elegans,111913131,2,8,874,5405.0,2461.0,10039.24 MB,34524 MB
15,elegans,111913131,3,8,2321,15026.0,5863.0,13044.39 MB,40140 MB
21,elegans,111913131,4,8,2089,13480.0,5321.0,12385.56 MB,37281 MB
27,elegans,111913131,5,8,2273,14381.0,6076.0,13005.35 MB,37540 MB
33,elegans,111913131,6,8,895,5474.0,2581.0,8972.58 MB,33586 MB
39,elegans,111913131,7,8,2182,14334.0,5304.0,13844.45 MB,37255 MB
45,elegans,111913131,8,8,1962,12355.0,5303.0,12163.22 MB,39269 MB
51,elegans,111913131,9,8,864,5456.25,2319.75,10094.72 MB,29822 MB
57,elegans,111913131,10,8,948,5555.0,2977.0,10181.25 MB,34609 MB
4,elegans,111913131,1,16,568,5560.09,4095.91,13877.49 MB,70238 MB
10,elegans,111913131,2,16,545,5357.32,3907.68,12896.22 MB,69829 MB
16,elegans,111913131,3,16,1304,12859.0,9309.0,19028.72 MB,78430 MB
22,elegans,111913131,4,16,545,5389.0,3876.0,17139.10 MB,68608 MB
28,elegans,111913131,5,16,538,5357.52,3788.48,18510.60 MB,70400 MB
34,elegans,111913131,6,16,658,6452.0,4734.0,17957.32 MB,65260 MB
40,elegans,111913131,7,16,1304,13811.0,8357.0,20006.15 MB,78326 MB
46,elegans,111913131,8,16,558,5458.0,4028.0,13940.38 MB,64740 MB
52,elegans,111913131,9,16,722,6470.18,5803.82,17549.18 MB,57291 MB
58,elegans,111913131,10,16,1343,13016.0,9815.0,17022.44 MB,77555 MB
0,elegans,111913131,1,24,342,5438.0,3112.0,22900.48 MB,73504 MB
1,elegans,111913131,2,24,351,5443.0,3332.0,27492.29 MB,71483 MB
2,elegans,111913131,3,24,911,15612.0,7163.0,31938.36 MB,76393 MB
3,elegans,111913131,4,24,335,5557.83,2817.17,31846.71 MB,75207 MB
4,elegans,111913131,5,24,916,15774.0,7126.0,32587.69 MB,69654 MB
5,elegans,111913131,6,24,350,5595.0,3155.0,26714.26 MB,69070 MB
6,elegans,111913131,7,24,895,15491.0,6884.0,32222.07 MB,75686 MB
7,elegans,111913131,8,24,329,5494.84,2730.16,25728.96 MB,72216 MB
8,elegans,111913131,9,24,328,5460.0,2740.0,27261.21 MB,73270 MB
9,elegans,111913131,10,24,326,5465.45,2684.55,22532.86 MB,75643 MB
0,pacificus,176725568,1,1,8884,8959.0,8809.0,2854.95 MB,6437 MB
6,pacificus,176725568,2,1,8375,8451.0,8299.0,2812.04 MB,6521 MB
12,pacificus,176725568,3,1,8209,8270.0,8148.0,2820.15 MB,6428 MB
18,pacificus,176725568,4,1,10066,10278.0,9854.0,3080.11 MB,6602 MB
24,pacificus,176725568,5,1,31395,32792.0,29998.0,3627.89 MB,6710 MB
30,pacificus,176725568,6,1,18127,21747.0,14507.0,3157.17 MB,7063 MB
36,pacificus,176725568,7,1,28947,30224.0,27670.0,3327.42 MB,6765 MB
42,pacificus,176725568,8,1,10099,10292.0,9906.0,3004.53 MB,6473 MB
48,pacificus,176725568,9,1,28375,32245.0,24505.0,3376.65 MB,7034 MB
54,pacificus,176725568,10,1,10057,10263.0,9851.0,3058.27 MB,6603 MB
1,pacificus,176725568,1,2,4642,8937.0,4989.0,5997.20 MB,12893 MB
7,pacificus,176725568,2,2,4330,8256.0,4734.0,5700.37 MB,12760 MB
13,pacificus,176725568,3,2,5248,10138.0,5606.0,5629.70 MB,12743 MB
19,pacificus,176725568,4,2,15040,29869.0,15251.0,6393.93 MB,13072 MB
25,pacificus,176725568,5,2,5271,10185.0,5628.0,5513.46 MB,12734 MB
31,pacificus,176725568,6,2,11004,21598.0,11414.0,6261.38 MB,13198 MB
37,pacificus,176725568,7,2,5224,10080.0,5592.0,6060.18 MB,12911 MB
43,pacificus,176725568,8,2,5247,10134.0,5607.0,5760.11 MB,12884 MB
49,pacificus,176725568,9,2,5231,10099.0,5594.0,5679.84 MB,12781 MB
55,pacificus,176725568,10,2,12131,24138.0,12255.0,5849.52 MB,12171 MB
2,pacificus,176725568,1,4,2408,8582.0,3458.0,9592.19 MB,25528 MB
8,pacificus,176725568,2,4,3044,10933.0,4287.0,10248.37 MB,25431 MB
14,pacificus,176725568,3,4,2825,10050.0,4075.0,10504.32 MB,25401 MB
20,pacificus,176725568,4,4,2829,10070.0,4075.0,10217.97 MB,24702 MB
26,pacificus,176725568,5,4,2839,10094.0,4101.0,10303.13 MB,25281 MB
32,pacificus,176725568,6,4,2890,10273.0,4177.0,10337.59 MB,25271 MB
38,pacificus,176725568,7,4,2840,10078.0,4122.0,10416.94 MB,24421 MB
44,pacificus,176725568,8,4,2896,10375.0,4105.0,11173.84 MB,25420 MB
50,pacificus,176725568,9,4,2840,10094.0,4106.0,10486.81 MB,24387 MB
56,pacificus,176725568,10,4,5975,21874.0,8001.0,11437.29 MB,26140 MB
3,pacificus,176725568,1,8,1336,8466.0,3558.0,17202.38 MB,49853 MB
9,pacificus,176725568,2,8,1648,10270.0,4562.0,18669.38 MB,48770 MB
15,pacificus,176725568,3,8,1629,10061.0,4600.0,19366.17 MB,50569 MB
21,pacificus,176725568,4,8,1647,10327.0,4496.0,17180.83 MB,48734 MB
27,pacificus,176725568,5,8,1625,10039.0,4586.0,17072.58 MB,47686 MB
33,pacificus,176725568,6,8,1698,10620.0,4662.0,17965.83 MB,48710 MB
39,pacificus,176725568,7,8,1639,10199.0,4552.0,19263.95 MB,49610 MB
45,pacificus,176725568,8,8,1637,10055.0,4678.0,18854.95 MB,48061 MB
51,pacificus,176725568,9,8,1663,10332.0,4635.0,16641.66 MB,48617 MB
57,pacificus,176725568,10,8,1610,10202.0,4288.0,18212.65 MB,41458 MB
4,pacificus,176725568,1,16,1036,10331.0,7281.0,28107.89 MB,91482 MB
10,pacificus,176725568,2,16,1008,10039.0,7097.0,26504.31 MB,93181 MB
16,pacificus,176725568,3,16,2290,23338.0,15592.0,32307.68 MB,103498 MB
22,pacificus,176725568,4,16,1020,10233.0,7107.0,30125.45 MB,93522 MB
28,pacificus,176725568,5,16,855,8447.43,6087.57,22593.04 MB,100057 MB
34,pacificus,176725568,6,16,848,8432.0,5984.0,25193.00 MB,100205 MB
40,pacificus,176725568,7,16,1033,10287.0,7274.0,29259.80 MB,95548 MB
46,pacificus,176725568,8,16,866,8368.0,6354.0,25934.62 MB,101132 MB
52,pacificus,176725568,9,16,852,8694.33,5789.67,23325.95 MB,99573 MB
58,pacificus,176725568,10,16,865,8477.0,6228.0,27038.73 MB,99077 MB
0,pacificus,176725568,1,24,485,8160.14,3964.86,48489.51 MB,119019 MB
1,pacificus,176725568,3,24,1470,25446.0,11304.0,54516.92 MB,124955 MB
2,pacificus,176725568,4,24,651,11144.8,5130.200000000002,48068.50 MB,109318 MB
3,pacificus,176725568,7,24,512,8333.0,4467.0,40656.54 MB,121131 MB
0,pf1,7679116,1,1,3589,2713.0,4465.0,209.06 MB,688 MB
7,pf1,7679116,2,1,3636,2746.0,4526.0,304.82 MB,775 MB
14,pf1,7679116,3,1,4194,3555.0,4833.0,267.30 MB,569 MB
21,pf1,7679116,4,1,4628,3408.0,5848.0,349.04 MB,825 MB
28,pf1,7679116,5,1,4437,2728.0,6146.0,370.52 MB,854 MB
35,pf1,7679116,6,1,4373,2725.0,6021.0,275.68 MB,712 MB
42,pf1,7679116,7,1,3637,2717.37,4556.63,289.86 MB,775 MB
49,pf1,7679116,8,1,5466,3429.0,7503.0,261.87 MB,729 MB
56,pf1,7679116,9,1,4881,3369.0,6393.0,445.61 MB,861 MB
63,pf1,7679116,10,1,5163,3447.0,6879.0,450.77 MB,860 MB
1,pf1,7679116,1,2,1556,2693.0,1975.0,620.77 MB,1170 MB
8,pf1,7679116,2,2,1566,2706.0,1992.0,546.42 MB,1051 MB
15,pf1,7679116,3,2,2992,3359.0,5617.0,671.41 MB,1663 MB
22,pf1,7679116,4,2,2908,3331.0,5393.0,464.05 MB,1006 MB
29,pf1,7679116,5,2,3695,3530.0,7555.0,558.66 MB,1291 MB
36,pf1,7679116,6,2,3060,3382.0,5798.0,577.26 MB,1570 MB
43,pf1,7679116,7,2,2916,3354.0,5394.0,718.32 MB,1682 MB
50,pf1,7679116,8,2,963,19.22,2869.78,211.85 MB,271 MB
57,pf1,7679116,9,2,2417,2716.0,4535.0,457.26 MB,1018 MB
64,pf1,7679116,10,2,3412,3391.0,6845.0,495.78 MB,1543 MB
2,pf1,7679116,1,4,1001,2683.0,2322.0,936.36 MB,2575 MB
9,pf1,7679116,2,4,1005,2684.0,2341.0,1032.20 MB,2902 MB
16,pf1,7679116,3,4,1954,3308.0,6462.0,854.25 MB,3108 MB
23,pf1,7679116,4,4,1057,2691.0,2594.0,1020.72 MB,2727 MB
30,pf1,7679116,5,4,1939,3451.0,6244.0,774.48 MB,3032 MB
37,pf1,7679116,6,4,2071,3426.0,6929.0,975.12 MB,3059 MB
44,pf1,7679116,7,4,864,2684.0,1636.0,1064.71 MB,2134 MB
51,pf1,7679116,8,4,1329,2709.0,3936.0,815.31 MB,2920 MB
58,pf1,7679116,9,4,1311,2729.0,3826.0,746.12 MB,2474 MB
65,pf1,7679116,10,4,1169,2703.0,3142.0,673.98 MB,2078 MB
3,pf1,7679116,1,8,553,2695.15,2281.85,1742.79 MB,4237 MB
10,pf1,7679116,2,8,702,2715.0,3603.0,1357.99 MB,5015 MB
17,pf1,7679116,3,8,661,2755.0,3194.0,1706.35 MB,4963 MB
24,pf1,7679116,4,8,626,2685.0,2949.0,1404.60 MB,4505 MB
31,pf1,7679116,5,8,505,2755.2,1789.8,2023.93 MB,4465 MB
38,pf1,7679116,6,8,1417,3370.0,9383.0,1064.25 MB,5824 MB
45,pf1,7679116,7,8,1325,3328.0,8597.0,991.00 MB,5774 MB
52,pf1,7679116,8,8,529,2689.0,2072.0,1817.58 MB,4426 MB
59,pf1,7679116,9,8,1019,3323.0,5848.0,1551.70 MB,5853 MB
66,pf1,7679116,10,8,905,2785.0,5360.0,1377.19 MB,4958 MB
4,pf1,7679116,1,16,277,2667.0,2042.0,3807.21 MB,9119 MB
11,pf1,7679116,2,16,599,3364.0,6819.0,2664.95 MB,11572 MB
18,pf1,7679116,3,16,1236,3443.0,17569.0,1179.16 MB,10169 MB
25,pf1,7679116,4,16,332,2682.0,2962.0,2487.65 MB,8717 MB
32,pf1,7679116,5,16,1063,3305.0,14766.0,1238.35 MB,10231 MB
39,pf1,7679116,6,16,342,2692.0,3122.0,2363.37 MB,8862 MB
46,pf1,7679116,7,16,300,3222.0,1878.0,3441.26 MB,9026 MB
53,pf1,7679116,8,16,320,2803.0,2637.0,2154.16 MB,8593 MB
60,pf1,7679116,9,16,1191,3435.0,16812.0,1525.88 MB,10352 MB
67,pf1,7679116,10,16,1004,8205.0,8863.0,1603.46 MB,11080 MB
0,pf1,7679116,1,24,452,8249.0,3051.0,6025.52 MB,16264 MB
1,pf1,7679116,2,24,442,7871.12,3178.88,6341.20 MB,14856 MB
2,pf1,7679116,3,24,467,7916.0,3759.0,6040.24 MB,15703 MB
3,pf1,7679116,4,24,461,7970.0,3555.0,5714.24 MB,16138 MB
4,pf1,7679116,5,24,442,8222.0,2828.0,6118.57 MB,15776 MB
5,pf1,7679116,6,24,212,3473.31,1826.69,5676.78 MB,9638 MB
6,pf1,7679116,7,24,212,3471.0,1829.0,6412.99 MB,9320 MB
7,pf1,7679116,8,24,465,7702.0,3923.0,6161.89 MB,16353 MB
8,pf1,7679116,9,24,441,7771.0,3254.0,6602.66 MB,15445 MB
9,pf1,7679116,10,24,457,8116.0,3309.0,5911.46 MB,15873 MB
0,pf2,7679116,1,1,3418,2528.0,4308.0,323.34 MB,839 MB
7,pf2,7679116,2,1,4174,2817.0,5531.0,354.53 MB,916 MB
14,pf2,7679116,3,1,3833,2541.0,5125.0,365.37 MB,849 MB
21,pf2,7679116,4,1,3291,2538.0,4044.0,331.57 MB,827 MB
28,pf2,7679116,5,1,3495,2707.0,4283.0,399.52 MB,924 MB
35,pf2,7679116,6,1,3358,2519.0,4197.0,424.49 MB,842 MB
42,pf2,7679116,7,1,2794,2064.0,3524.0,324.22 MB,783 MB
49,pf2,7679116,8,1,1932,2012.36,1851.64,346.37 MB,800 MB
56,pf2,7679116,9,1,2748,2019.0,3477.0,270.77 MB,743 MB
63,pf2,7679116,10,1,6222,5817.0,6627.0,494.79 MB,942 MB
1,pf2,7679116,1,2,2732,2505.0,5691.0,588.00 MB,1606 MB
8,pf2,7679116,2,2,2761,3122.0,5161.0,455.16 MB,1264 MB
15,pf2,7679116,3,2,2080,2122.0,4118.0,492.46 MB,1457 MB
22,pf2,7679116,4,2,2835,2478.0,6027.0,372.08 MB,1535 MB
29,pf2,7679116,5,2,2151,2828.0,3625.0,598.46 MB,1580 MB
36,pf2,7679116,6,2,1940,2463.0,3357.0,570.48 MB,1573 MB
43,pf2,7679116,7,2,1624,2118.0,2754.0,428.41 MB,1399 MB
50,pf2,7679116,8,2,1394,2022.0,2160.0,569.55 MB,1247 MB
57,pf2,7679116,9,2,1368,2018.0,2086.0,586.25 MB,1229 MB
64,pf2,7679116,10,2,3432,5479.0,4817.0,1041.06 MB,1929 MB
2,pf2,7679116,1,4,1485,2669.0,4756.0,444.70 MB,2100 MB
9,pf2,7679116,2,4,1784,2564.0,6356.0,747.34 MB,3036 MB
16,pf2,7679116,3,4,1941,2681.0,7024.0,538.09 MB,2961 MB
23,pf2,7679116,4,4,1384,3512.0,3408.0,799.75 MB,3033 MB
30,pf2,7679116,5,4,1266,2606.0,3724.0,957.76 MB,2938 MB
37,pf2,7679116,6,4,1637,3057.0,5128.0,682.19 MB,2880 MB
44,pf2,7679116,7,4,805,2142.0,1883.0,882.42 MB,2659 MB
51,pf2,7679116,8,4,1080,2017.0,3383.0,646.31 MB,2866 MB
58,pf2,7679116,9,4,1910,5793.0,3757.0,1408.84 MB,3560 MB
65,pf2,7679116,10,4,1064,2024.0,3296.0,695.44 MB,2602 MB
3,pf2,7679116,1,8,894,3128.0,4918.0,735.25 MB,4739 MB
10,pf2,7679116,2,8,4704,4979.0,37357.0,4421.94 MB,6050 MB
17,pf2,7679116,3,8,1737,2583.0,13050.0,746.85 MB,5897 MB
24,pf2,7679116,4,8,1389,2575.0,9926.0,859.50 MB,5857 MB
31,pf2,7679116,5,8,640,2017.0,3743.0,1350.42 MB,4823 MB
38,pf2,7679116,6,8,1074,3233.0,6433.0,1267.57 MB,5474 MB
45,pf2,7679116,7,8,549,2024.0,2917.0,1275.66 MB,4771 MB
52,pf2,7679116,8,8,517,2250.0,2403.0,1172.92 MB,4313 MB
59,pf2,7679116,9,8,1375,6617.0,5758.0,2162.88 MB,6414 MB
66,pf2,7679116,10,8,509,2019.0,2562.0,1251.62 MB,4339 MB
4,pf2,7679116,1,16,2208,4979.0,32557.0,2986.70 MB,12712 MB
11,pf2,7679116,2,16,731,2599.0,9828.0,1292.20 MB,8454 MB
18,pf2,7679116,3,16,614,5621.0,4817.0,1374.55 MB,8988 MB
25,pf2,7679116,4,16,354,2042.65,3975.35,1410.53 MB,9069 MB
32,pf2,7679116,5,16,247,2739.0,1460.0,3750.16 MB,8955 MB
39,pf2,7679116,6,16,260,2669.15,1750.85,4162.84 MB,8773 MB
46,pf2,7679116,7,16,235,13.57,3981.43,145.45 MB,332 MB
53,pf2,7679116,8,16,252,2008.0,2276.0,3628.35 MB,9682 MB
60,pf2,7679116,9,16,384,3983.0,2545.0,1874.50 MB,9978 MB
67,pf2,7679116,10,16,761,2455.61,10481.39,999.78 MB,10501 MB
0,pf2,7679116,1,24,174,2574.8,1775.1999999999996,2680.27 MB,7919 MB
1,pf2,7679116,2,24,173,2630.73,1694.27,956.43 MB,8450 MB
2,pf2,7679116,3,24,388,5758.0,3942.0,4281.94 MB,15205 MB
3,pf2,7679116,4,24,358,5488.0,3462.0,4464.68 MB,14510 MB
4,pf2,7679116,5,24,176,2575.73,1824.27,2742.92 MB,6858 MB
5,pf2,7679116,6,24,363,5748.0,3327.0,4988.07 MB,16089 MB
6,pf2,7679116,7,24,355,5630.0,3245.0,5911.03 MB,13678 MB
7,pf2,7679116,8,24,364,5652.0,3448.0,5311.11 MB,15040 MB
8,pf2,7679116,9,24,173,2577.16,1747.84,3507.75 MB,7427 MB
9,pf2,7679116,10,24,416,5819.0,4581.0,4265.58 MB,16483 MB
0,pf3,7679116,1,1,4398,4962.0,3834.0,596.54 MB,1114 MB
7,pf3,7679116,2,1,84,11.01,156.99,197.88 MB,260 MB
14,pf3,7679116,3,1,6359,5948.0,6770.0,718.40 MB,1193 MB
21,pf3,7679116,4,1,1612,1878.12,1345.88,340.27 MB,781 MB
28,pf3,7679116,5,1,4321,5363.0,3279.0,609.15 MB,1049 MB
35,pf3,7679116,6,1,5780,5380.0,6180.0,670.44 MB,1143 MB
42,pf3,7679116,7,1,1807,1865.0,1749.0,319.67 MB,788 MB
49,pf3,7679116,8,1,5319,4892.0,5746.0,719.85 MB,1159 MB
56,pf3,7679116,9,1,2826,2300.0,3352.0,392.57 MB,865 MB
63,pf3,7679116,10,1,4065,5051.0,3079.0,541.08 MB,996 MB
1,pf3,7679116,1,2,3296,5313.0,4575.0,900.55 MB,1865 MB
8,pf3,7679116,2,2,3075,4934.0,4291.0,989.85 MB,1885 MB
15,pf3,7679116,3,2,3198,5135.0,4459.0,1009.83 MB,1961 MB
22,pf3,7679116,4,2,1154,1865.0,1597.0,569.74 MB,1084 MB
29,pf3,7679116,5,2,3243,5276.0,4453.0,977.37 MB,1959 MB
36,pf3,7679116,6,2,1487,2272.0,2189.0,562.62 MB,1437 MB
43,pf3,7679116,7,2,2833,4534.0,3965.0,1037.02 MB,2024 MB
50,pf3,7679116,8,2,1740,2296.0,2924.0,513.29 MB,1444 MB
57,pf3,7679116,9,2,1513,1962.0,2577.0,453.94 MB,1486 MB
64,pf3,7679116,10,2,1502,2014.0,2492.0,436.32 MB,1392 MB
2,pf3,7679116,1,4,1638,5078.0,3112.0,1632.12 MB,3095 MB
9,pf3,7679116,2,4,1823,4665.0,4450.0,1361.72 MB,3638 MB
16,pf3,7679116,3,4,1613,2285.0,5780.0,690.89 MB,3025 MB
23,pf3,7679116,4,4,828,1873.0,2267.0,935.07 MB,2157 MB
30,pf3,7679116,5,4,1596,4528.0,3452.0,1514.78 MB,3460 MB
37,pf3,7679116,6,4,1899,5047.0,4448.0,1240.27 MB,3426 MB
44,pf3,7679116,7,4,2297,5135.0,6350.0,1292.58 MB,3548 MB
51,pf3,7679116,8,4,793,2141.0,1824.0,888.81 MB,2904 MB
58,pf3,7679116,9,4,871,2283.0,2072.0,1103.34 MB,2989 MB
65,pf3,7679116,10,4,549,1846.0,899.0,927.67 MB,2787 MB
3,pf3,7679116,1,8,1185,5219.0,5446.0,2177.54 MB,6782 MB
10,pf3,7679116,2,8,1222,5256.0,5742.0,2416.65 MB,6549 MB
17,pf3,7679116,3,8,1193,4989.0,5748.0,2284.67 MB,6633 MB
24,pf3,7679116,4,8,1150,5063.0,5287.0,1898.63 MB,6164 MB
31,pf3,7679116,5,8,620,1883.0,3697.0,1211.34 MB,5047 MB
38,pf3,7679116,6,8,95,13.62,841.38,191.38 MB,329 MB
45,pf3,7679116,7,8,585,1884.0,3381.0,1113.22 MB,4525 MB
52,pf3,7679116,8,8,407,2259.1,1403.9,1644.33 MB,5009 MB
59,pf3,7679116,9,8,793,5287.0,1850.0,2909.71 MB,4844 MB
66,pf3,7679116,10,8,345,1856.94,1248.06,1359.21 MB,5455 MB
4,pf3,7679116,1,16,988,4874.0,11922.0,3166.85 MB,9591 MB
11,pf3,7679116,2,16,148,10.71,2505.29,234.13 MB,353 MB
18,pf3,7679116,3,16,508,4760.0,3876.0,3520.54 MB,11190 MB
25,pf3,7679116,4,16,78,11.48,1314.52,106.30 MB,523 MB
32,pf3,7679116,5,16,171,1839.0,1068.0,2000.96 MB,9058 MB
39,pf3,7679116,6,16,766,5411.0,7611.0,3018.08 MB,9482 MB
46,pf3,7679116,7,16,180,1843.23,1216.77,1782.15 MB,10175 MB
53,pf3,7679116,8,16,347,3183.0,2716.0,2043.75 MB,10299 MB
60,pf3,7679116,9,16,226,1866.73,1975.27,747.00 MB,10631 MB
67,pf3,7679116,10,16,43,469.0,262.0,373.70 MB,825706638 MB
0,pf3,7679116,1,24,331,5170.0,3105.0,3896.87 MB,14317 MB
1,pf3,7679116,2,24,345,5187.0,3438.0,2809.07 MB,15270 MB
2,pf3,7679116,3,24,168,2374.81,1825.19,2762.51 MB,7165 MB
3,pf3,7679116,4,24,165,2370.73,1754.27,4023.97 MB,8244 MB
4,pf3,7679116,5,24,167,2370.89,1804.11,4112.25 MB,8160 MB
5,pf3,7679116,6,24,335,5372.0,3003.0,3551.42 MB,14174 MB
6,pf3,7679116,7,24,342,5194.0,3356.0,3298.24 MB,16366 MB
7,pf3,7679116,8,24,340,5117.0,3383.0,3636.95 MB,15610 MB
8,pf3,7679116,9,24,175,2394.0,1981.0,91.57 MB,8239 MB
9,pf3,7679116,10,24,166,2370.49,1779.5100000000002,2509.00 MB,6563 MB
0,remanei,178090740,1,1,9617,9720.0,9514.0,2822.67 MB,6588 MB
6,remanei,178090740,2,1,18584,19007.0,18161.0,3215.17 MB,7145 MB
12,remanei,178090740,3,1,8414,10027.0,6801.0,2697.00 MB,6417 MB
18,remanei,178090740,4,1,8439,10042.0,6836.0,2769.85 MB,6412 MB
24,remanei,178090740,5,1,26309,27047.0,25571.0,3209.77 MB,7134 MB
30,remanei,178090740,6,1,9968,9956.0,9980.0,2612.27 MB,6323 MB
36,remanei,178090740,7,1,9820,9849.0,9791.0,2984.17 MB,6403 MB
42,remanei,178090740,8,1,8580,10090.0,7070.0,2806.68 MB,6380 MB
48,remanei,178090740,9,1,21305,22099.0,20511.0,3433.91 MB,7318 MB
54,remanei,178090740,10,1,24377,25252.0,23502.0,3383.74 MB,7148 MB
1,remanei,178090740,1,2,4692,9796.0,4280.0,5225.40 MB,11697 MB
7,remanei,178090740,2,2,5170,9958.0,5552.0,5328.45 MB,12745 MB
13,remanei,178090740,3,2,12458,24410.0,12964.0,6006.78 MB,13847 MB
19,remanei,178090740,4,2,11209,22056.0,11571.0,5838.38 MB,13627 MB
25,remanei,178090740,5,2,5227,9999.0,5682.0,5175.17 MB,12666 MB
31,remanei,178090740,6,2,5179,10008.0,5529.0,5682.74 MB,12888 MB
37,remanei,178090740,7,2,4145,7869.0,4566.0,5535.63 MB,12665 MB
43,remanei,178090740,8,2,12660,24798.0,13182.0,6148.43 MB,13689 MB
49,remanei,178090740,9,2,4159,7930.0,4547.0,5492.74 MB,12676 MB
55,remanei,178090740,10,2,10150,19749.0,10701.0,5641.35 MB,13868 MB
2,remanei,178090740,1,4,6015,22368.0,7707.0,11292.70 MB,27107 MB
8,remanei,178090740,2,4,5895,21369.0,8106.0,10903.76 MB,27290 MB
14,remanei,178090740,3,4,2764,9770.0,4050.0,9558.15 MB,25101 MB
20,remanei,178090740,4,4,5987,21805.0,8130.0,11277.21 MB,27074 MB
26,remanei,178090740,5,4,2275,8013.0,3362.0,9918.26 MB,25125 MB
32,remanei,178090740,6,4,6526,23482.0,9148.0,10900.88 MB,27521 MB
38,remanei,178090740,7,4,2160,8451.0,2349.0,10237.26 MB,19391 MB
44,remanei,178090740,8,4,5995,21759.0,8216.0,11503.42 MB,27039 MB
50,remanei,178090740,9,4,2322,8261.0,3349.0,9546.12 MB,20858 MB
56,remanei,178090740,10,4,6616,23363.0,9717.0,11129.29 MB,22335 MB
3,remanei,178090740,1,8,1568,9824.0,4288.0,16896.53 MB,44202 MB
9,remanei,178090740,2,8,1315,8026.0,3809.0,17910.38 MB,48272 MB
15,remanei,178090740,3,8,1302,8036.0,3682.0,16680.91 MB,48446 MB
21,remanei,178090740,4,8,1329,8168.0,3793.0,17215.28 MB,48263 MB
27,remanei,178090740,5,8,1298,7933.0,3749.0,18581.09 MB,48576 MB
33,remanei,178090740,6,8,3372,22380.0,7968.0,20037.90 MB,52046 MB
39,remanei,178090740,7,8,1288,7930.0,3662.0,15619.69 MB,50486 MB
45,remanei,178090740,8,8,1311,7990.0,3809.0,17250.66 MB,49876 MB
51,remanei,178090740,9,8,1397,8062.0,4511.0,16562.48 MB,50190 MB
57,remanei,178090740,10,8,3494,23768.0,7678.0,21097.63 MB,53758 MB
4,remanei,178090740,1,16,816,8076.0,5796.0,29722.31 MB,99439 MB
10,remanei,178090740,2,16,2210,22897.0,14673.0,34644.78 MB,105146 MB
16,remanei,178090740,3,16,1014,9972.0,7266.0,22346.46 MB,91698 MB
22,remanei,178090740,4,16,822,8025.0,5949.0,26980.46 MB,98636 MB
28,remanei,178090740,5,16,912,7996.0,7508.0,23558.30 MB,98802 MB
34,remanei,178090740,6,16,831,8171.0,5956.0,25691.91 MB,99251 MB
40,remanei,178090740,7,16,843,8101.36,6229.64,26122.84 MB,97928 MB
46,remanei,178090740,8,16,827,7993.0,6066.0,31102.75 MB,95701 MB
52,remanei,178090740,9,16,828,8078.67,5997.33,26937.60 MB,97024 MB
58,remanei,178090740,10,16,837,8048.29,6180.71,27236.99 MB,99389 MB
0,remanei,178090740,5,24,495,7857.8,4517.2,39505.02 MB,117324 MB
1,remanei,178090740,6,24,1305,22978.0,9647.0,55167.88 MB,119369 MB
2,remanei,178090740,7,24,488,7823.02,4376.98,41927.21 MB,119213 MB
3,remanei,178090740,8,24,481,7802.57,4222.43,46585.91 MB,108829 MB
4,remanei,178090740,9,24,478,7831.0,4119.0,38397.42 MB,117456 MB
5,remanei,178090740,10,24,479,7828.14,4146.86,35175.67 MB,110674 MB
0,thaliana,179025105,1,1,12006,12033.0,11979.0,3362.73 MB,6403 MB
6,thaliana,179025105,2,1,9862,11072.0,8652.0,3178.00 MB,6538 MB
12,thaliana,179025105,3,1,13352,13564.0,13140.0,3272.19 MB,6410 MB
18,thaliana,179025105,4,1,13302,13540.0,13064.0,3069.08 MB,6550 MB
24,thaliana,179025105,5,1,9874,11114.0,8634.0,3155.09 MB,6517 MB
30,thaliana,179025105,6,1,13477,13640.0,13314.0,3217.31 MB,6408 MB
36,thaliana,179025105,7,1,32031,33142.0,30920.0,3861.73 MB,6307 MB
42,thaliana,179025105,8,1,12192,13825.0,10559.0,3196.07 MB,6372 MB
48,thaliana,179025105,9,1,34764,35232.0,34296.0,3817.85 MB,6176 MB
54,thaliana,179025105,10,1,13318,13516.0,13120.0,3256.77 MB,6444 MB
1,thaliana,179025105,1,2,6919,13430.0,7327.0,6360.87 MB,12646 MB
7,thaliana,179025105,2,2,7566,14735.0,7963.0,6338.98 MB,12713 MB
13,thaliana,179025105,3,2,5704,11003.0,6109.0,6139.20 MB,12781 MB
19,thaliana,179025105,4,2,6984,13574.0,7378.0,6339.27 MB,12842 MB
25,thaliana,179025105,5,2,14746,28998.0,15240.0,7382.76 MB,12380 MB
31,thaliana,179025105,6,2,6558,13531.0,6143.0,5683.11 MB,12621 MB
37,thaliana,179025105,7,2,16091,31914.0,16359.0,7413.34 MB,13523 MB
43,thaliana,179025105,8,2,6572,13538.0,6178.0,6056.56 MB,12632 MB
49,thaliana,179025105,9,2,18951,37456.0,19397.0,7493.60 MB,12816 MB
55,thaliana,179025105,10,2,22048,39388.0,26756.0,7359.57 MB,12747 MB
2,thaliana,179025105,1,4,3853,14013.0,5252.0,11319.37 MB,25178 MB
8,thaliana,179025105,2,4,9921,37493.0,12112.0,13698.18 MB,25318 MB
14,thaliana,179025105,3,4,3973,14890.0,4975.0,11798.19 MB,22542 MB
20,thaliana,179025105,4,4,4030,14680.0,5470.0,11799.81 MB,25375 MB
26,thaliana,179025105,5,4,4058,14794.0,5496.0,11433.72 MB,24743 MB
32,thaliana,179025105,6,4,4192,15401.0,5559.0,11943.13 MB,25366 MB
38,thaliana,179025105,7,4,8404,31295.0,10725.0,13248.78 MB,24901 MB
44,thaliana,179025105,8,4,2997,11159.0,3826.0,11260.72 MB,20611 MB
50,thaliana,179025105,9,4,3029,11297.0,3848.0,11072.37 MB,19639 MB
56,thaliana,179025105,10,4,3833,13878.0,5287.0,11596.32 MB,25418 MB
3,thaliana,179025105,1,8,2134,14195.0,5011.0,19515.62 MB,44082 MB
9,thaliana,179025105,2,8,1735,11320.0,4295.0,21391.09 MB,50295 MB
15,thaliana,179025105,3,8,2238,14643.0,5499.0,20201.24 MB,49167 MB
21,thaliana,179025105,4,8,1881,12141.0,4788.0,20466.81 MB,49217 MB
27,thaliana,179025105,5,8,1775,11648.0,4327.0,19883.67 MB,43150 MB
33,thaliana,179025105,6,8,2242,14165.0,6013.0,21406.07 MB,50088 MB
39,thaliana,179025105,7,8,1719,10968.0,4503.0,19952.96 MB,49422 MB
45,thaliana,179025105,8,8,2143,14024.0,5263.0,20262.05 MB,43880 MB
51,thaliana,179025105,9,8,2280,14951.0,5569.0,21240.14 MB,49287 MB
57,thaliana,179025105,10,8,2344,15400.0,5696.0,20262.75 MB,48513 MB
4,thaliana,179025105,1,16,1079,11273.0,7070.0,32279.68 MB,99621 MB
10,thaliana,179025105,2,16,1109,11723.0,7130.0,32019.38 MB,98105 MB
16,thaliana,179025105,3,16,1140,12207.0,7173.0,34036.45 MB,91419 MB
22,thaliana,179025105,4,16,1058,11134.0,6852.0,34653.42 MB,99418 MB
28,thaliana,179025105,5,16,1146,12400.97,7081.0300000000025,35056.38 MB,97549 MB
34,thaliana,179025105,6,16,2947,37018.0,13081.0,45826.88 MB,96933 MB
40,thaliana,179025105,7,16,1360,14667.0,8453.0,35052.27 MB,96214 MB
46,thaliana,179025105,8,16,1082,11475.52,6918.48,31222.65 MB,95943 MB
52,thaliana,179025105,9,16,1076,11245.0,7047.0,31892.96 MB,99227 MB
58,thaliana,179025105,10,16,3128,37226.0,15950.0,43276.57 MB,99170 MB
0,thaliana,179025105,1,24,2528,36578.0,26622.0,67385.34 MB,123381 MB
1,thaliana,179025105,2,24,621,11496.14,4028.860000000001,64250.77 MB,126181 MB
2,thaliana,179025105,4,24,620,11454.29,4045.7099999999987,64429.84 MB,118740 MB
3,thaliana,179025105,5,24,693,12893.0,4432.0,68792.89 MB,123136 MB
4,thaliana,179025105,6,24,860,15561.0,5939.0,51456.12 MB,112391 MB
5,thaliana,179025105,7,24,607,10900.0,4275.0,52095.84 MB,123713 MB
6,thaliana,179025105,9,24,658,11626.0,4824.0,54392.71 MB,124574 MB
7,thaliana,179025105,10,24,651,11960.0,4315.0,65862.95 MB,119892 MB
